  {
	"type": "DoubleTurret",
	"name": "Flak",
	"description": "bruh bruh bruh"
	"health": 3000,
	"size": 2,
	"reload": 10,
	"range": 100,
	"ammoUseEffect": "shellEjectSmall",
	"inaccuracy": 15,
	"rotatespeed": 100,
	"ammo": {
		"graphite": {
			"speed": 1000,
			"damage": 10,
			"bulletWidth": 10,
			"bulletHeight": 10,
			"shootEffect": "shootSmall",
			"smokeEffect": "shootSmallSmoke",
			"ammoMultiplier": 10
        
		}
        "uranium": {
            "speed": 100,
            "damage": 100,
            "bulletWidth": 10,
			"bulletHeight": 10,
			"shootEffect": "shootSmall",
			"smokeEffect": "shootSmallSmoke",
			"ammoMultiplier": 10
        }
	},
	"requirements": [
		{ "item": "lead", "amount": 100 },
		{ "item": "copper", "amount": 200 }
	],
	"category": "turret",
	"research": "arc"
  }