{
	"type": "SingleTypeGenerator",
	"name": "Nuclear Reactor",
	"description": "It's a fucking nuclear reactor what did you expect.",
	"size": 4,
	"hasPower": true,
	"hasItems": true,
	"itemDuration": 30,
	"powerProduction": 200.0,
	"consumes": {
		"liquid": {
			"liquid": "surge-liquid",
			"amount": 10,
			"optional": false
		}		
		"items": {
			"items": [
				{ "item": "uranium", "amount": 1 }
			],
			"optional": false
		}
	},
	"requirements": [
		{ "item": "metaglass", "amount": 10 },
		{ "item": "silicon", "amount": 60 },
	],
	"category": "power",
	"research": "arc"
}
