{
	"type": "GenericCrafter",
	"name": "Surge Mixer",
	"description": "Melts surge alloy and combines cryofluid.",
	"liquidCapacity": 90,
	"outputLiquid": {"liquid": "surge-liquid", "amount": 5.0},
	"size": 3,
	"hasPower": true,
	"hasLiquids": true,
	"craftTime": 10,
	"updateEffect": "smeltsmoke",
	"consumes": {
		"power": .8,
		"item": "surge-alloy"
            "liquid":{
                "liquid": "cryofluid",
                "amount": 3
                "optional": false
        }
	},
	"requirements": [
		{ "item": "lead", "amount": 500 },
		{ "item": "copper", "amount": 500 },
		{ "item": "silicon", "amount": 100 },
        { "item": "titanium", "amount": 100}
	],
	"category": "crafting",
	"research": "kiln",
	"idleSound": "respawning",
	"idleSoundVolume": 0.5
}
