  {
	"type": "DoubleTurret",
	"name": "Gatling",
	"description": "bruh bruh bruh"
	"health": 3000,
	"size": 3,
	"reload": .2,
	"range": 250,
	"ammoUseEffect": "shellEjectSmall",
	"inaccuracy": 5,
	"rotatespeed": 1000,
	"ammo": {
		"lead": {
			"speed": 4,
			"damage": 3,
			"bulletWidth": 10,
			"bulletHeight": 10,
			"shootEffect": "shootSmall",
			"smokeEffect": "shootSmallSmoke",
		}
        "silicon": {
            "speed": 7,
            "damage": 7,
            "bulletWidth": 10,
			"bulletHeight": 10,
			"shootEffect": "shootSmall",
			"smokeEffect": "shootSmallSmoke",
        }
        "graphite": {
            "speed": 7,
            "damage": 5,
            "bulletWidth": 10,
			"bulletHeight": 10,
			"shootEffect": "shootSmall",
			"smokeEffect": "shootSmallSmoke",
        }
        "surge-alloy": {
            "speed": 10,
            "damage": 10,
            "bulletWidth": 10,
			"bulletHeight": 10,
			"shootEffect": "shootSmall",
			"smokeEffect": "shootSmallSmoke",
        }
	},
	"requirements": [
		{ "item": "titanium", "amount": 200  },
		{ "item": "thorium", "amount": 100 },
        { "item": "silicon", "amount": 50 }
	],
	"category": "turret",
	"research": "arc"
  }