  {
	"type": "DoubleTurret",
	"name": "Sniper",
	"description": "bruh bruh bruh"
	"health": 3000,
	"size": 2,
	"reload": 100,
	"range": 500,
	"ammoUseEffect": "shellEjectSmall",
	"inaccuracy": .1,
	"rotatespeed": 1000,
	"ammo": {
		"lead": {
			"speed": 100,
			"damage": 50,
			"bulletWidth": 10,
			"bulletHeight": 10,
			"shootEffect": "shootSmall",
			"smokeEffect": "shootSmallSmoke",
		}
        "silicon": {
            "speed": 100,
            "damage": 100,
            "bulletWidth": 10,
			"bulletHeight": 10,
			"shootEffect": "shootSmall",
			"smokeEffect": "shootSmallSmoke",
        }
        "uranium": {
            "speed": 200,
            "damage": 500,
            "bulletWidth": 10,
			"bulletHeight": 10,
			"shootEffect": "shootSmall",
			"smokeEffect": "shootSmallSmoke",
			"ammoMultiplier": 2
        }
        "refined-surge-alloy": {
			"speed": 150,
			"damage": 200,
			"bulletWidth": 10,
			"bulletHeight": 10,
			"shootEffect": "shootSmall",
			"smokeEffect": "shootSmallSmoke",
			"ammoMultiplier": 5
		}
	},
	"requirements": [
		{ "item": "titanium", "amount": 250  },
		{ "item": "thorium", "amount": 100 },
        { "item": "silicon", "amount": 50 }
	],
	"category": "turret",
	"research": "arc"
  }