{
	"type": "GenericCrafter",
	"name": "Surge Furnace",
	"description": "Melts surge alloy and then mixes cryofluid.",
	"liquidCapacity": 90,
	"outputItem": {"item": "refined-surge-alloy", "amount": 1.0},
	"size": 3,
	"hasPower": true,
	"hasLiquids": true,
	"craftTime": 5,
	"updateEffect": "smeltsmoke",
	"consumes": {
		"power": .8,
        "item": "lead"
            "liquid": {
                "liquid": "surge-liquid",
                "amount": 1.0,
                "optional": false
            }
	},
	"requirements": [
		{ "item": "lead", "amount": 500 },
		{ "item": "copper", "amount": 500 },
		{ "item": "silicon", "amount": 100 },
        { "item": "titanium", "amount": 100}
	],
	"category": "crafting",
	"research": "kiln",
	"idleSound": "respawning",
	"idleSoundVolume": 0.5
}
