{
	"type": "GenericCrafter",
	"name": "Uranium Centrifuge",
	"description": "Creates Uranium - don't ask how.",
	"liquidCapacity": 100,
	"outputItem": {"item": "uranium", "amount": 1.0},
	"size": 3,
	"hasPower": true,
	"hasLiquids": true,
	"craftTime": 5,
	"updateEffect": "smeltsmoke",
	"consumes": {
		"power": .8,
        "item": "refined-surge-alloy"
            "liquid": {
                "liquid": "oil",
                "amount": 10.0,
                "optional": false
            }
	},
	"requirements": [
		{ "item": "refined-surge-alloy", "amount": 500 },
		{ "item": "copper", "amount": 2000 },
		{ "item": "silicon", "amount": 500 },
        { "item": "titanium", "amount": 250},
        { "item": "thorium", "amount": 200 },
	],
	"category": "crafting",
	"research": "kiln",
	"idleSound": "respawning",
	"idleSoundVolume": 0.5
}
